pitch_mean,pitch_std,energy_mean,energy_std,mfcc1,mfcc2,mfcc3,mfcc4,zero_crossing_rate,spectral_centroid,emotion
174.9080238,37.92646856,0.348106343,0.179770446,-238.2943163,196.5113533,69.08119768,-42.69609021,0.175878805,3397.197148,angry
290.1428613,31.44385465,0.633520758,0.169795469,-253.0212009,158.7166768,118.6725589,60.52806247,0.243575375,3054.831421,angry
246.3987884,22.38110465,0.898356669,0.056410516,406.2545805,44.11737087,-99.81284048,99.44757998,0.23044667,2152.738104,surprise
219.7316968,42.55180079,0.785779909,0.135311957,-250.4538002,273.6282862,49.94963984,-93.99479893,0.054630972,1025.857431,fear
131.2037281,37.3892469,0.845248918,0.145048905,-228.0502739,-179.7152907,28.69839326,79.47317316,0.053282346,2984.956888,angry
131.1989041,16.50467757,0.727026693,0.149705695,259.3982624,-234.4414738,133.1321507,24.52610672,0.087770567,2142.503954,neutral
111.6167224,46.43708738,0.753821252,0.195043092,-50.26015755,212.3771802,162.4348242,94.67652383,0.114711671,3938.433203,angry
273.2352292,42.90148972,0.879356521,0.183400637,276.710557,-36.51011002,-195.1372914,-6.998096495,0.128452119,1095.785061,neutral
220.2230023,47.99199653,0.399734407,0.201976273,-434.6338424,208.1813125,69.60796762,69.47758611,0.207112193,3339.311245,angry
241.6145156,39.02878034,0.591539971,0.241220815,-12.42880633,235.8541231,-179.2656804,-87.52118628,0.026437325,4765.89695,neutral
104.1168989,34.53660784,0.376967553,0.253246435,-466.3863998,-262.5254438,19.54346603,-32.94418998,0.020055084,1697.637068,angry
293.9819704,26.72972145,0.990134406,0.229530769,-437.3467965,230.0788578,-84.94690838,-86.59669245,0.123654063,2886.597963,angry
266.4885282,47.30913933,0.955247472,0.288880924,406.4374533,-31.00856678,-77.28936019,95.0686267,0.212177471,1365.687967,sad
142.4678221,44.64255558,0.231541449,0.054558146,-360.7546289,6.259493403,-58.81659862,63.39478145,0.066096249,3502.727649,neutral
136.3649934,11.8087468,0.764460138,0.098944496,32.42068228,75.95550666,48.51697962,70.50948425,0.1960363,3202.126722,neutral
136.680902,11.05467898,0.940198654,0.051890719,-88.9043974,255.829564,-66.38001373,87.59304629,0.08535016,2629.462097,neutral
160.8484486,25.05853468,0.344460276,0.211868679,-152.6566737,-288.5303433,93.07962024,-82.97930278,0.266964972,3085.508086,happy
204.9512863,42.42213323,0.654356184,0.274507637,399.8333457,-13.89391901,-38.18904577,-22.8804815,0.269750084,4586.298634,angry
186.3890037,49.49104517,0.932390638,0.110870574,-478.1766032,112.6332255,-172.6587199,-85.79302219,0.096213289,1785.177209,neutral
158.245828,16.01667564,0.227156783,0.281758636,163.7896862,133.6241746,113.503937,-57.84137969,0.076698189,1090.258047,surprise
222.3705789,33.76522861,0.757936214,0.065066848,463.3944342,115.5194589,-85.69667016,-54.12684459,0.129278152,4446.659539,happy
127.8987721,25.23563427,0.437879206,0.283609007,60.16818346,-219.3389224,-26.89324816,-6.17855779,0.07975416,3308.46833,sad
158.4289297,48.79657591,0.939516956,0.137905672,436.822462,-120.362647,74.17755329,-46.28756651,0.204991315,4562.633822,neutral
173.2723687,43.68475693,0.976846596,0.075355207,-447.7421207,-84.77068475,-67.01753714,-79.80437864,0.249558759,3387.780894,neutral
191.2139968,43.53314819,0.955413191,0.17146794,-81.20668093,182.6623246,-177.3657375,-66.50178218,0.205196718,4240.64436,happy
257.0351923,28.74772639,0.579371373,0.114194142,-239.842209,-132.7440766,-50.43158119,-70.54488729,0.24906163,2718.693453,angry
139.9347564,26.59278009,0.889634121,0.121218225,230.820965,-173.5770217,177.7794331,94.61535958,0.125127727,3999.439725,surprise
202.8468877,20.93628288,0.875639519,0.126822491,481.2970905,274.4688114,56.69375892,51.85850138,0.055331922,4652.165868,sad
218.4829138,12.25501987,0.455280379,0.250756474,-243.4699376,-294.6820289,68.59165947,93.55229305,0.224005775,3288.491855,neutral
109.2900825,44.58889505,0.863132379,0.184790319,154.1746015,298.6925134,52.91286146,-12.0519027,0.114537606,1723.140602,angry
221.5089704,42.51604037,0.229606108,0.127826925,-301.9023672,106.0927793,-120.4031444,-44.32630367,0.204668539,2075.19046,surprise
134.1048247,49.98870693,0.677015903,0.202583446,65.33025457,197.0815797,-32.66645436,59.65863944,0.088486743,1794.578308,surprise
113.0103186,49.86547348,0.38400707,0.229037669,-36.06751331,-123.2283622,100.3759193,-34.74921639,0.033556594,1987.42811,sad
289.7771075,32.21726822,0.296453509,0.118156,472.0053296,-291.4108334,-159.450841,-40.12332526,0.297848721,2225.661797,fear
293.1264066,40.75949661,0.261562561,0.153387275,108.5272727,142.7217111,-88.85888956,-53.49880156,0.055298437,3220.535147,surprise
261.6794696,47.7906292,0.757031021,0.080471523,-150.4936279,200.4867582,-89.47235661,-74.06420436,0.296642088,3351.966518,fear
160.9227538,43.98589563,0.471899971,0.095287337,-385.9042151,144.2856792,-27.19242896,-48.7073878,0.29341118,2705.998989,surprise
119.5344228,19.89392407,0.779813417,0.220279463,-348.7531713,-214.2898276,192.1474964,-28.93605031,0.24020725,3461.683119,sad
236.8466053,28.02176541,0.252285073,0.095359587,-274.68307,152.0567534,-172.9989813,34.79884163,0.201232659,1326.299702,happy
188.0304987,15.16637661,0.45223227,0.181290846,-249.0333387,161.3536693,7.480397752,-87.48703156,0.177564045,1351.152948,sad
124.407647,48.16204109,0.631593034,0.227261565,350.6160578,95.1243094,-128.2541272,-57.89861207,0.261169448,1687.317841,sad
199.035382,34.24698538,0.832578532,0.076719231,61.22278828,159.6695597,188.2706182,61.80472806,0.093937461,3072.309992,happy
106.8777042,19.14571222,0.455002002,0.191828055,23.39091137,207.5528638,-154.6785981,-70.61561528,0.145627552,1855.978715,happy
281.8640804,36.86802738,0.700713101,0.114140696,-385.2311281,68.16246854,-38.55959906,-31.4709707,0.189623091,2133.137614,angry
151.7559963,34.72512962,0.908782199,0.290731719,360.1396933,-246.8371716,95.15399393,72.93178437,0.129245238,2601.251345,surprise
232.5044569,24.32650872,0.692690551,0.170886412,222.8143032,-7.4233142,81.82177121,-69.01493777,0.133971072,4247.464496,angry
162.3422152,14.54230369,0.38636758,0.251498137,-432.3316381,-253.4103992,-30.90854524,-83.45263288,0.105782554,1055.448544,happy
204.0136042,36.86292782,0.219520625,0.187556636,207.8350972,-55.47418138,-61.39033282,-3.092400984,0.173627227,3597.515281,fear
209.3420559,30.81230804,0.896079099,0.060853133,43.53821734,-55.73610652,-40.95504858,-39.51609774,0.256666613,3675.506124,fear
136.9708911,40.89273567,0.217015529,0.208287844,-418.2746543,-260.3940935,-94.28949474,12.6816729,0.06844323,4194.623121,sad
293.9169256,30.80654004,0.899761338,0.287850836,-41.69935847,-90.70767962,-117.8668245,60.7609781,0.280985581,4731.011756,neutral
255.0265647,44.08726001,0.623149707,0.200402955,-15.30371287,-233.4011407,-6.784120976,-72.57030237,0.20983542,1080.551396,sad
287.8997883,32.07627355,0.951254159,0.254797215,-334.2254598,184.941126,-92.58649757,16.13981691,0.248749232,1615.134822,sad
278.9654701,32.43751886,0.839026589,0.271051616,445.698147,268.6128156,-85.01533404,1.101752078,0.171295301,4544.685176,neutral
219.5799958,45.06614411,0.998347288,0.107019943,349.9753715,-256.6101148,62.70242539,-71.1842428,0.236059843,2834.074249,surprise
284.374847,26.13931465,0.480569452,0.10301121,169.0223373,273.0691244,187.4149327,24.79969711,0.014698115,3258.362556,happy
117.6985004,15.36060914,0.813750631,0.202745247,-37.704439,13.5459596,41.45488022,-45.27191643,0.247330323,3652.108815,fear
139.1965725,11.15130705,0.521544731,0.152757117,-88.23445842,-120.2605932,-169.2082132,-2.433136291,0.021640269,3716.266418,sad
109.0454578,40.20549023,0.583900496,0.259965326,150.9734672,-253.8827548,-169.7665545,-83.54553514,0.268074879,4726.961613,neutral
165.0660662,34.81238205,0.702004371,0.275005781,45.43186941,0.374560842,180.5692883,-8.083188557,0.297669197,4987.79767,angry
177.7354579,38.16319072,0.898941691,0.138355345,-437.7268941,176.7093267,-81.08368388,-38.70730639,0.095279564,3880.629844,sad
154.2698064,18.51856646,0.987266775,0.10921764,12.50264877,124.2518864,-163.1732056,64.47624224,0.070992381,2148.884837,fear
265.7475018,15.45485902,0.814618731,0.245131379,306.4036172,-269.8643931,39.61783486,-88.6042546,0.231955376,4519.009609,happy
171.3506653,10.58178663,0.534213426,0.118701509,-40.7601224,-256.2588988,49.45951132,-16.27854502,0.083377639,1196.883658,sad
156.1869019,24.02350235,0.537085602,0.25565358,-448.0434224,-58.27603042,59.40192805,-8.313715174,0.261013091,1924.323411,sad
208.5392166,33.59670747,0.790065841,0.155934563,286.2781994,-122.8257036,-93.03918886,45.00121526,0.039824352,4589.54287,surprise
128.184845,25.6897618,0.391021717,0.216887475,-298.6362179,-160.5694062,-193.9557263,14.85751502,0.046527007,2024.766058,neutral
260.4393962,27.49899688,0.288379291,0.073883828,-241.3791651,-131.3973007,186.0061478,33.44246744,0.293953951,1882.604238,angry
114.9101287,46.16634778,0.483697726,0.205964831,-335.2936466,182.089646,-99.64278172,55.40985713,0.20541328,1552.501173,angry
297.3773873,23.93021868,0.429791193,0.16294192,-169.7849351,257.5368322,70.41051522,72.44059473,0.255597295,4436.447031,happy
254.4489539,30.55957957,0.437046496,0.196652116,256.7515057,-56.93838328,82.65194795,-37.22490066,0.104055519,3000.233037,fear
139.7431363,41.34612051,0.386886201,0.092003552,19.3858595,243.6666013,44.00296683,7.604541073,0.206180287,3699.572812,happy
101.1044234,25.86171129,0.233674552,0.234218436,-295.1187258,-107.1025793,-74.83704231,68.02161569,0.18233013,1956.265536,sad
263.0922857,34.88346801,0.214299148,0.265699269,377.8300782,-14.13780819,-91.56149849,97.89022619,0.184913535,4032.161684,sad
241.3714688,44.49454835,0.990177912,0.10418495,379.581855,-164.3826013,39.06731308,77.90386221,0.207934413,4040.02218,angry
245.8014336,47.98082495,0.542218507,0.073928639,370.578425,84.28562531,146.4382534,-25.70654748,0.17685416,2250.3921,fear
254.2540693,15.88293924,0.507461318,0.055909647,-261.2037886,287.3886691,178.6934916,-60.96669656,0.134428087,2642.730532,neutral
114.8089303,47.06350501,0.743717826,0.210492875,-48.76065582,62.09585763,-157.6376782,-2.121492519,0.090017581,1838.76111,fear
171.6931457,29.68465172,0.37460311,0.201773509,484.9896561,-85.31154953,-138.068555,48.32829037,0.232888586,4906.244093,sad
123.1738119,20.32977553,0.959968947,0.186674353,272.0124763,88.69046759,177.8945035,-1.486185849,0.075619005,3582.410308,neutral
272.6206852,28.36543025,0.829076012,0.107986774,-472.8325788,-226.2475929,94.61409133,-3.363827337,0.210782749,4738.175523,fear
224.6596254,49.20130301,0.271528802,0.147726499,-434.7954087,233.1954482,153.1975299,67.64608422,0.077666519,2213.542175,fear
166.179605,29.70472376,0.534064621,0.198619084,-36.06862319,1.850370468,-118.9469463,-27.71924419,0.191345749,4127.563652,neutral
112.7116701,23.15006441,0.903294646,0.174191715,409.2202059,-30.39015478,35.03434844,71.95893496,0.226652697,4063.434576,sad
162.1964643,35.33603417,0.955785618,0.29694638,38.70179795,51.51887307,80.45583777,-18.63903981,0.073427028,3766.622607,fear
165.0366644,19.60582475,0.573921209,0.084109938,-2.187491966,74.87031767,72.04475418,-34.35337886,0.027383557,4862.555901,neutral
245.9212357,13.03453312,0.690729111,0.223786139,-394.5263,-256.9345163,-36.73932365,-9.20201776,0.047982385,2574.221344,surprise
227.5114943,15.15518888,0.333627157,0.151079692,156.7801047,109.5703327,-193.8420433,52.48939173,0.185739121,1522.869294,surprise
277.4425485,15.12183356,0.992934901,0.157049904,322.1031606,-154.8409918,33.17042272,-74.79959443,0.256339458,3686.835437,sad
194.442985,16.07610774,0.385337361,0.229399441,-119.5799925,128.3715795,-98.75938433,-60.71615683,0.023049078,3917.239202,neutral
123.9188492,15.55308691,0.954185419,0.223109038,275.6118509,193.5208766,-19.89830154,90.28896513,0.222903865,3300.242294,surprise
242.6489574,35.63498979,0.719717319,0.297813998,464.4766539,182.3751045,183.032406,-64.90167452,0.108982407,1827.271573,neutral
252.1570097,17.27520338,0.686189436,0.082098572,-296.2335409,31.50058044,-40.38587294,13.54546359,0.148773227,3017.823767,fear
212.2554395,23.82669133,0.610150809,0.076027412,23.32963119,12.10193539,135.9206427,15.86289333,0.279369269,2248.758946,sad
254.193436,45.8715364,0.384535849,0.231084704,-212.8620419,-214.2744232,-124.5837577,-2.07510759,0.106271736,2709.866113,surprise
198.7591193,28.95846561,0.341222426,0.194596729,292.854419,165.2076902,68.98419921,28.94904972,0.144947711,3580.874303,fear
204.5465659,36.70230954,0.376388967,0.118540167,77.59336588,-137.1543717,190.8027818,-54.03465484,0.0139679,3980.858971,happy
185.5082037,16.89279485,0.34915061,0.069854842,134.5824176,-1.982746309,-159.2427597,10.53245356,0.033663629,1928.898764,happy
105.0838253,17.69156075,0.823667579,0.071414562,297.9141596,-129.4355442,-196.6720231,-25.56534895,0.084991561,2621.301443,sad
121.5782854,11.63474465,0.480100207,0.273547719,-104.0295273,-219.7029822,-26.56688295,32.33345193,0.01807715,2076.646284,surprise
106.2858371,16.75740252,0.246274141,0.097966831,415.0900684,77.73461814,-162.9498068,-71.75529133,0.193098845,1794.526455,surprise
227.2820823,21.14361356,0.975282104,0.130842891,33.02886725,-267.4007791,99.35373987,14.17548337,0.133655523,4133.54888,surprise
162.8711962,17.08041937,0.907028708,0.106664101,-342.0451772,149.1871405,165.8194655,-62.94592892,0.168962109,4637.010778,neutral
201.7141382,13.54810135,0.942201827,0.138749076,195.8991182,-109.4479228,-26.39161092,-44.27138738,0.060647684,2480.928743,fear
281.5132948,14.82543484,0.995926258,0.067355961,293.2613504,-299.9191842,-96.51534314,-56.25803994,0.095820289,4005.115697,surprise
149.8584458,28.43115072,0.339116199,0.179764948,-183.2383229,6.677483542,-26.2386724,-63.43244403,0.202509098,4587.981157,fear
182.0765846,18.25334874,0.516993615,0.066903141,357.179257,-271.8888549,89.37912714,65.14219031,0.28993779,4384.496842,sad
251.1102277,24.57079444,0.806590781,0.250089127,406.1432548,-134.2982653,-196.3783354,-42.85848647,0.024620864,1731.253554,surprise
145.7596331,30.13669083,0.756816494,0.10842802,-223.0955126,124.1858925,35.78159579,85.42475637,0.268211453,4825.167526,sad
115.395982,37.61579315,0.323116725,0.185002979,483.5214727,-262.386227,45.31667395,93.98530507,0.177295548,2506.705762,surprise
157.9502906,11.57248559,0.8526665,0.270019772,-359.288472,203.6030954,55.07529876,14.25209399,0.173536674,2356.962645,happy
132.2442575,41.97641596,0.379552457,0.212719342,-297.9843316,-297.7080464,-103.191168,-71.39977547,0.155080775,1249.725309,angry
285.9395305,35.11601558,0.379054092,0.183239447,-315.7751608,-151.9056785,85.62108935,-25.09035132,0.030124285,2944.694616,sad
261.6240759,13.27036128,0.629579538,0.131083438,393.98971,144.5424337,-163.4434055,59.54645267,0.036064287,1436.054463,surprise
226.6807513,44.94314496,0.674351948,0.133250478,154.2925523,-110.2379102,-120.2918654,-26.52185426,0.184264482,1994.159284,angry
274.292118,46.83489602,0.664068966,0.217371739,-347.8957168,-238.8645672,150.9880187,-82.59655634,0.108877986,2267.770487,sad
260.7344154,12.44311839,0.27318947,0.29853484,-59.67658163,-83.85964872,95.48926029,11.35698219,0.276007739,4235.305294,neutral
137.3140118,21.07510593,0.90196869,0.215459797,115.2980251,-137.7640282,-194.5017784,69.0241703,0.127911256,4501.954602,surprise
278.5117997,42.24805119,0.412480034,0.189445854,-416.535915,205.6271413,-100.6494959,59.18527743,0.051551623,2209.86527,neutral
207.8684484,39.93038762,0.303611937,0.232662628,382.4163684,-111.9912494,-114.2374068,-64.97537197,0.217268462,4434.792485,happy
261.488031,17.38084077,0.910998464,0.166301403,303.6035354,173.3594831,-91.67746879,34.55292288,0.095072492,4428.923749,surprise
279.21826,18.37397293,0.964521199,0.065035586,5.206773577,235.1232869,-100.9760919,-55.89914731,0.162386389,4058.603802,happy
163.600695,24.81888411,0.889702094,0.190574204,467.1266153,-39.70954825,-174.9894817,-56.35849309,0.212371508,1586.780456,angry
122.0103849,29.38091941,0.84761286,0.289406321,-82.23902072,245.9658863,-16.42379336,74.81435466,0.271076592,3761.291388,sad
145.5870325,34.73019086,0.724193585,0.093825736,484.110319,-73.60916762,93.09338991,-50.06620945,0.239735446,4780.096258,fear
185.4215577,24.75654558,0.640685896,0.222501223,167.9199988,278.4470499,42.69268989,-47.3505307,0.20614471,3730.161915,happy
263.6029532,28.50138865,0.269589408,0.100233422,134.6712733,-246.4262853,69.14866744,-99.86932185,0.207093623,2326.467396,fear
272.1461167,39.89883753,0.52676257,0.183956921,-334.0451047,112.2115599,-167.5403286,74.13380683,0.284318147,3002.31727,fear
101.3904261,11.46732812,0.498150814,0.074169112,381.9277583,-3.711575726,180.5962841,58.51896264,0.095788988,3582.900173,sad
202.1494605,20.09747777,0.407803027,0.162592734,-72.51031208,-67.41071673,135.3967335,25.46578702,0.010322507,3042.281635,angry
183.4822006,38.53398344,0.778736091,0.239040832,-337.7665942,79.62712725,122.0361274,50.05315279,0.088866822,1479.811767,sad
144.4215621,45.80827351,0.596700588,0.136892881,-487.39248,122.314255,129.193522,-69.59028652,0.0731885,2248.256179,surprise
123.9730735,30.46709768,0.264836973,0.216227931,59.75568364,-297.3820382,173.0842033,-8.335281082,0.20193203,4209.584122,happy
167.5230343,31.28453941,0.376146562,0.24886249,27.39962212,-199.8281468,17.70158645,-29.75612253,0.193776364,4445.672184,fear
288.5819408,14.28688045,0.746607011,0.281794455,219.3536224,127.8276304,-119.8871929,-81.24469475,0.182103801,1549.200131,sad
164.6405864,27.89649467,0.260904688,0.10866052,390.258053,99.83124815,46.71344314,-2.773902957,0.014710599,4809.54701,sad
203.7581243,31.30469066,0.880965531,0.149828979,-420.5934154,279.6285031,97.15259747,84.14793007,0.221345636,2315.290471,sad
240.6037918,19.69882015,0.596117222,0.088104003,231.4964903,156.6226742,95.16695734,-91.98817619,0.10382382,3649.254955,happy
172.7259205,20.76972924,0.584469262,0.298120876,-312.5880559,270.4636246,8.579609667,-41.7078173,0.202866237,4007.300584,angry
294.3564165,25.09136652,0.673926228,0.281750242,358.1770532,121.5243009,-172.6165123,-58.49181276,0.171407744,4247.784939,sad
292.489459,10.80284791,0.859744773,0.184989283,319.0635139,-121.1686748,-51.55482463,-52.37066927,0.109391968,4782.998809,happy
150.3564592,22.88316662,0.478247366,0.260508324,40.79375499,-236.7810466,168.3066434,81.68691038,0.049027117,2251.678192,fear
199.4497012,18.45792028,0.742412922,0.180239494,210.2427986,169.094318,33.7795639,-6.386189153,0.03738148,4434.025818,surprise
160.175662,23.09989409,0.652585571,0.205896422,-185.6498868,86.48953289,15.3327773,-6.740117412,0.251140317,1526.747614,neutral
156.9680989,14.79048527,0.413622616,0.072281108,-28.83210107,-271.0883926,-92.45859425,52.11512849,0.276335287,3820.163625,happy
107.3773895,45.62109123,0.902903989,0.238817605,321.6368977,-83.96972046,-52.62043203,-69.1015592,0.198438534,3967.910918,neutral
221.9128668,33.74369814,0.837940817,0.081928371,-40.73480283,274.0798893,158.1384357,-2.54692918,0.039995893,3710.892965,sad
200.5358046,37.16409277,0.726761468,0.256516908,-142.2017347,0.240687426,66.58521901,-14.00295718,0.126587893,2009.258945,sad
110.2957502,41.56684954,0.880465383,0.245507022,-5.78755275,-40.36251839,114.9548107,19.38213811,0.221392368,4492.172588,happy
155.7292928,29.93768796,0.893835361,0.227186174,328.2492524,-25.3802369,-18.26183077,99.91154065,0.236148056,1675.433853,neutral
281.6531772,13.47681152,0.766690381,0.059040095,-164.7919526,-174.6703656,52.09888778,53.88977882,0.0442834,1214.539166,sad
147.9123781,31.48426167,0.869610663,0.125782089,-326.2384069,-78.77569748,-100.6465565,-20.4268594,0.010008908,3869.859962,fear
128.9789744,33.47364472,0.757977169,0.115778142,212.0140203,-78.11204641,82.18433211,65.51061045,0.216519743,2901.902861,angry
197.8905521,39.81757897,0.744112617,0.140034102,325.9782127,-268.5869879,-28.95946652,-65.85832734,0.113412891,4396.39208,angry
297.1300908,27.26638185,0.694889103,0.071910687,-399.3625215,160.5405771,-22.98179407,-93.90726274,0.083799586,2533.588564,sad
148.4110543,15.10321211,0.802173312,0.284239456,-260.1258872,-50.09734086,59.72892983,-59.11032551,0.013740266,1673.114354,neutral
234.4271095,21.35103623,0.326884084,0.18845056,-358.0280102,193.3079321,174.5122486,-31.91768878,0.166686828,4345.76877,surprise
252.3239231,24.52329186,0.904696607,0.126381078,-152.0585884,210.2088007,-174.3974614,2.116151492,0.256833713,3195.638527,sad
147.5275088,35.83668965,0.897474822,0.149245379,-49.64902109,-172.8035672,129.8972949,23.02582811,0.287713177,1756.78317,surprise
245.6432697,32.83113219,0.223397826,0.161800635,248.826337,94.4120893,-83.04675584,82.12114344,0.174066036,3881.535994,surprise
173.5566265,24.24386904,0.8606534,0.200148583,151.1475849,-16.6309175,-22.4322182,1.97080191,0.159193785,3044.454554,neutral
226.4611661,49.46060995,0.303095894,0.178919857,120.9285675,228.0940428,-191.2346685,0.255128925,0.034666352,3417.251929,surprise
226.7059422,34.23099277,0.468095083,0.279847993,-147.6250534,-170.5555925,-79.58156887,-89.95139804,0.169173112,2843.593353,fear
207.1549368,19.48907167,0.794806605,0.174240871,341.4475531,106.6879202,1.052497052,-93.01768947,0.120193933,4314.835935,neutral
118.057954,14.0712989,0.328607917,0.298039504,-28.7128326,64.65127335,-177.5295691,10.23199238,0.186069231,4318.250863,sad
267.0604991,16.11436557,0.854373619,0.262856239,479.104938,-122.8191135,-3.561708247,-12.36427735,0.122730641,3837.555287,fear
164.156013,19.83830914,0.865707342,0.102127629,134.1421383,-218.0394578,170.8442515,67.836079,0.079686746,1421.60551,happy
137.3037021,16.42725493,0.605974187,0.282648804,-373.7352584,90.98385629,-157.8427128,-67.86408306,0.03753993,4355.415448,angry
108.1550283,17.46268096,0.205108697,0.079091599,176.1775621,143.1584749,105.7762912,-95.00566758,0.101326349,3684.051922,sad
218.1785886,21.40380675,0.429630507,0.254362427,-174.8959846,-110.6235937,-36.13157865,-10.19224641,0.038027002,3788.096664,sad
235.5128724,16.93494381,0.693541535,0.145155823,186.3271967,86.89956241,62.06948581,-52.50428865,0.061300116,2451.931362,sad
103.3175658,45.87061699,0.984948942,0.26949358,-430.3588518,-62.92145543,-95.90536081,-90.07712533,0.296327486,4517.118225,fear
202.4186117,13.20934983,0.705450822,0.267014173,-325.1185628,127.92413,-136.203095,44.91965737,0.138790032,3901.486401,happy
145.299155,30.98045558,0.407842865,0.25148135,355.7372589,-180.4708351,-135.8149543,-77.68140001,0.164242812,1450.361866,neutral
229.0345581,26.41587308,0.707204562,0.247507609,-272.820443,234.1290016,-171.8032217,21.6639,0.263349373,2631.112138,happy
134.8732858,49.29514468,0.631988304,0.126169785,337.0411252,-127.5542421,-125.741318,-43.79004997,0.298714981,4545.521448,fear
238.1875476,14.48155609,0.823876316,0.070229821,-220.7239115,-79.32840735,65.687754,-65.30078993,0.17898719,1188.786807,sad
177.3470693,25.91422396,0.285584511,0.150745045,142.8819101,-265.1448288,152.6762447,-24.04969542,0.245617408,4845.666479,angry
287.3459977,48.77881733,0.808822322,0.093381129,194.1505735,-233.0926726,125.6502742,60.28915524,0.104812897,3716.650273,sad
127.5041888,44.62028504,0.633013263,0.223737772,12.65475315,9.517141627,74.05372395,-21.58128462,0.098665748,3525.503911,neutral
168.2132702,42.68288284,0.970393603,0.136524932,-194.6893233,-139.444394,-155.8272546,50.15392984,0.126784079,2082.237026,surprise
122.6947042,20.31611308,0.473497733,0.29390255,-287.3556236,201.2881354,-84.32502148,-74.90274064,0.205027106,1995.167155,angry
284.9387237,16.8355035,0.706097515,0.210243019,-466.8106454,-291.1839668,-76.07724987,54.55428393,0.20783559,4768.232878,sad
275.4678707,36.7457288,0.945622484,0.255620141,-196.0535988,-72.5435708,-100.0172214,-52.61333502,0.101419436,2193.089817,angry
151.5883255,47.17503957,0.282007782,0.083131168,153.1627905,-97.59267194,6.002263884,35.47862598,0.048630878,4102.021187,surprise
231.9968092,32.27051572,0.94978279,0.265503621,438.3048184,-288.4034214,14.22152595,13.15631097,0.193394914,2572.487193,happy
263.44444,32.86450758,0.750308578,0.280689298,371.2044823,-225.3789606,-57.24560993,85.82894344,0.0472145,1557.016283,fear
211.0401623,21.19916375,0.254269647,0.17176548,266.0647765,-51.81439505,-58.48433651,-22.5354964,0.177762827,1042.861191,sad
205.9301157,40.77971733,0.440770854,0.201563234,288.4473433,-4.281249332,131.4222392,-86.76696223,0.211092417,3177.029348,neutral
148.3704582,17.48174994,0.766537671,0.24120245,164.9849035,-57.42615165,115.7171393,-96.16890289,0.213177334,4903.115274,happy
118.6205536,22.94716946,0.253880481,0.093709657,-239.7131424,18.56260705,-76.88166733,65.37171219,0.228506912,2476.544775,sad
279.4431516,27.01745754,0.665736368,0.175641519,407.1950307,57.07900494,165.5153775,4.947127532,0.263129232,2428.769336,happy
280.0836114,30.30441515,0.476706446,0.149665757,170.7323119,-294.0457073,181.1260068,55.04881037,0.154988108,2376.366471,neutral
226.6202915,19.6963893,0.696732414,0.086593498,60.44063098,-21.54290433,-69.30298319,-53.11488,0.221772265,3082.175349,sad
167.8059582,14.59347299,0.236593627,0.141883606,-389.0105308,278.0995445,-58.23002048,-30.9832509,0.189560093,2762.659534,surprise
169.8419149,34.4248017,0.897229445,0.067043077,-52.94445619,11.41936808,2.253661369,-93.97922556,0.064125583,4519.658507,surprise
245.1911358,21.54522213,0.978791175,0.056452977,-39.6417288,106.5253605,176.448325,92.29846491,0.017449997,3022.083167,neutral
279.422052,33.24952886,0.975102284,0.083791572,364.5636095,-112.8816852,150.5277733,33.57358134,0.092517002,3031.031353,angry
277.4172849,16.17450861,0.799721465,0.290778778,46.64822019,164.3948269,-158.972815,86.64101755,0.138479775,1553.486379,neutral
255.9751092,29.24560407,0.304068992,0.187382384,-119.599451,163.7528891,-42.90770269,-46.90071851,0.188960724,4930.958164,angry
228.4063292,31.3035773,0.806610557,0.29145554,476.8003285,12.77762859,21.3484759,22.29272225,0.256488206,1999.891563,sad
116.827993,12.07294147,0.219669533,0.15812447,-389.2794067,285.608294,1.252989021,35.69999366,0.066911258,1293.45627,angry
132.3257428,23.46417113,0.217698841,0.127954033,-77.45157169,-224.6698711,-122.4547728,-36.49005995,0.046409439,3652.584996,sad
279.7108377,15.37658708,0.458888175,0.176535466,-457.9753248,-289.8314011,143.5267085,69.621847,0.289409185,3381.465481,sad
221.2858119,12.53499882,0.590914552,0.159877922,239.9041208,162.0949271,70.7763132,89.43229258,0.041332922,2660.582616,fear
101.8394103,49.5984093,0.816325934,0.076416171,418.0765522,184.2933224,135.1633499,76.97102354,0.14876241,2688.768936,sad
120.2943086,22.8941538,0.746636301,0.210206579,-219.9626704,-227.8756625,143.5057117,47.81339519,0.179813481,4140.255684,angry
232.7003538,42.39497783,0.556722165,0.104009546,358.3416768,-140.6503002,99.34234147,-44.50706406,0.166998582,1782.85056,fear
101.0123168,20.18562619,0.418901333,0.204896989,-207.7817695,-289.468582,-24.3157595,-43.67679158,0.034949326,4281.013276,fear
132.1616103,37.26010889,0.9976996,0.212550273,410.7701616,-124.0148335,44.21870201,92.67206409,0.026537805,3594.988456,sad
209.7467579,40.4091144,0.540945042,0.088006213,253.9619036,163.8851244,-135.8538376,-97.94310081,0.040590194,2675.879095,neutral
238.3790395,33.82554962,0.561109619,0.065337407,304.9067768,10.77631663,69.45816699,43.20999465,0.179820428,2832.114466,neutral
230.3922519,28.86304754,0.330899057,0.245190397,-481.9934444,-91.1426441,-128.2986977,41.24923251,0.167860017,2026.588829,surprise
144.8538619,26.47363657,0.835847639,0.164950106,462.8103571,-76.95642306,77.5798362,24.53790819,0.07778483,4008.457331,fear
242.4358443,23.95473066,0.754945781,0.064540949,226.6709921,-299.1878246,-108.1607357,98.02176922,0.194954501,3051.498969,sad
147.4498175,47.18116577,0.37661569,0.298716579,-195.2489046,-120.1196835,-152.9794799,-37.62411285,0.247819576,2283.418171,neutral
165.0799396,43.22477631,0.265904836,0.06444514,329.3946649,87.87524498,-133.8862039,-32.00562724,0.022057898,3384.200463,sad
249.298281,48.60107643,0.744399442,0.223758807,-218.4788016,284.5166663,-199.2031459,-84.21211941,0.154457684,4982.937808,sad
229.9265798,14.97188894,0.723608971,0.295919731,372.7538396,208.2364962,87.49584714,-11.44037269,0.20990002,2741.049119,fear
269.8446821,39.23469901,0.418607622,0.109795026,-387.4196096,-285.8430212,92.96041962,-47.79029475,0.083170459,4682.765603,surprise
231.5225785,47.53361827,0.96069085,0.085562342,203.6859775,239.1363628,5.973339965,-31.32265956,0.099253563,2380.06736,fear
213.6617207,17.24932265,0.320846313,0.080346235,40.69847664,169.919048,-135.4548796,66.91435805,0.187954992,1218.930828,happy
118.7349536,12.65985069,0.545867841,0.125818787,-403.4655298,168.2256741,-166.578265,87.09690271,0.270401235,1816.968425,neutral
173.5431606,39.64482597,0.954892736,0.075261453,-258.1061717,-25.2025446,-192.3484134,-62.8533856,0.244878082,2674.780573,neutral
153.0404735,32.97892453,0.535781854,0.223040335,-487.5959637,-61.19682423,-133.7007292,-25.49821369,0.179107764,1878.539714,neutral
148.7979287,43.67315107,0.710820758,0.06557295,-31.23203454,-118.2505627,156.342214,85.72611242,0.221764298,1000.908153,angry
294.602111,15.59089507,0.518075518,0.177355532,-198.7347392,-260.5830846,-103.3852633,-87.63830786,0.115798516,4660.006151,sad
178.6195449,41.81069247,0.419372162,0.299174213,98.3574843,-163.0587819,-58.29146911,-81.52789438,0.195880003,4375.517645,fear
278.409311,18.0650928,0.987182118,0.253492567,-202.7621923,-152.037819,-157.8618062,-67.44180216,0.145192661,3969.168926,neutral
226.2277252,16.54623771,0.527467205,0.20380486,-200.0808885,-9.553758174,-111.0554781,19.04256683,0.06508148,1671.258383,happy
258.9622607,16.57063192,0.915279363,0.126563405,243.1931987,148.466644,7.689828312,-69.9055458,0.213504099,1481.454305,neutral
200.5274186,42.58298881,0.383963685,0.205973959,-451.857164,-15.71410296,43.10107324,93.61527629,0.171374745,1270.418998,surprise
215.3807769,36.60788883,0.370483763,0.181760366,402.8949952,-265.2933303,-101.8590743,-10.65709455,0.114000259,3896.116755,sad
198.5035388,30.92261699,0.224907266,0.156520846,352.2638744,274.6738806,-176.9071363,0.30359207,0.274288365,4715.231843,sad
139.0485976,24.35321936,0.72133346,0.082677594,167.8046832,265.6345915,-43.58685235,-50.66827684,0.016070894,2722.143284,fear
244.4904231,45.08802163,0.494821075,0.271651054,93.22157011,171.1137259,-106.3186516,-5.807949513,0.101574214,1476.562688,angry
156.1544725,25.6978043,0.8914866,0.162446162,392.3024981,294.7967409,-112.1784307,32.38272653,0.026495605,3049.571283,fear
104.8631933,42.66397758,0.578567925,0.098655628,-314.6698205,26.68939968,183.9451211,50.23542739,0.232292922,2395.32763,neutral
229.0944592,27.56539634,0.974554742,0.141939838,-421.0308378,277.6610102,46.52019437,50.77361654,0.213611162,2499.299697,surprise
135.4221359,25.07777718,0.348420413,0.153532438,-260.4898301,-254.6369756,22.75137727,15.57822254,0.106092143,3485.322497,happy
288.0917169,28.50719143,0.894898534,0.256884474,294.5782787,-80.59155104,-33.68995859,80.871955,0.205942242,3874.872453,fear
290.7857154,22.05511497,0.821277482,0.233403595,-465.3297333,-164.7712392,-28.42226663,63.48156946,0.124821796,1442.414395,angry
282.972878,39.90437521,0.816737476,0.242326223,82.80683508,-182.5001495,16.36200154,51.40962294,0.2293136,1142.360923,fear
174.0317401,30.1088156,0.875826582,0.052757816,495.4375162,-215.5182307,78.57192281,-88.87889566,0.141713262,4977.321211,sad
103.0913233,19.28850781,0.808819193,0.1540385,355.6960938,73.44818494,80.85843847,-98.62440756,0.129561121,1930.913396,neutral
285.6637125,45.98298293,0.700976257,0.170336038,21.44568904,168.7931134,-131.3224369,-57.51054456,0.281071675,1215.3221,neutral
185.6368297,25.35564885,0.304995902,0.054798069,-436.3590907,46.97903965,0.045100831,32.70471878,0.082754939,1759.501316,neutral
293.3309638,31.74211444,0.226020944,0.114953302,331.3735144,-211.8223742,-35.21676199,-17.76050222,0.044929729,1155.831385,neutral
292.7239954,46.25888444,0.936678278,0.240072456,98.97850818,186.674262,148.2107865,-19.51874814,0.179517503,2567.243578,neutral
270.6018911,34.96951984,0.693320252,0.084277426,-385.0670029,81.5728243,52.56756849,76.91737765,0.291103326,4209.607138,neutral
158.8897784,14.67592163,0.837229833,0.183827533,-406.1427152,-67.10057632,13.00162657,79.11256963,0.119573372,2364.977799,happy
177.0195457,47.59328494,0.585217881,0.103800468,409.6268194,104.4781773,-153.8421431,81.83505281,0.027990661,2776.733628,angry
270.2273343,35.10832212,0.293846551,0.053030194,169.2002629,-144.0570125,42.25515573,-37.2243847,0.108398528,3702.347094,neutral
163.384401,23.39622459,0.300148634,0.110300364,329.2867993,-92.8846749,-153.1184377,38.21116255,0.15672018,3035.57628,angry
133.8985493,15.57088291,0.74845223,0.293968439,378.9789003,250.4915059,-65.11736977,-45.67336375,0.056957672,4445.782744,surprise
211.3602525,41.76100757,0.544244716,0.250384278,71.77235205,-125.6972966,-142.8632141,-61.87803339,0.200849643,4464.1427,neutral
287.2309548,34.80291024,0.360419781,0.289894161,17.44635176,-18.00703911,76.82945881,-63.07350853,0.299347323,1039.642782,fear
239.2059593,31.33844368,0.593275637,0.171963511,-69.57258968,234.0846824,-117.4991545,-31.57847583,0.141004448,4112.185226,neutral
214.012234,45.75570332,0.25136715,0.07743405,-183.0534122,124.6328102,-43.25625072,-14.00847604,0.112871281,2842.934401,sad
119.4352988,41.54388845,0.665577122,0.186989872,-65.40403914,-262.6780643,158.269911,66.18983421,0.126204208,4955.362165,happy
223.0014453,16.06699519,0.415194724,0.163594334,273.8796557,-211.6181734,-118.2734466,-76.02178131,0.043392392,2932.928304,fear
298.01077,22.46888271,0.838047281,0.261089271,101.923431,-295.2950455,3.122025584,46.98516948,0.266149344,4947.583782,fear
128.016803,19.93956559,0.448289567,0.074520645,392.52329,78.55307414,-32.29133553,6.290982838,0.13029944,4018.277445,sad
203.6659305,39.7578517,0.564176119,0.172060284,-56.61998562,-31.39594475,-192.7503836,-42.41093146,0.122309579,1994.419538,neutral
275.4746144,11.34129739,0.209296432,0.087512166,107.0895787,-219.4350895,117.1032454,-1.436083093,0.201310179,3153.579917,happy
248.1537236,32.79558739,0.25795751,0.131168982,131.3075531,274.7604726,-172.3816375,-40.01158604,0.138189692,4968.542558,fear
239.4031482,40.49834743,0.513994845,0.234339269,91.69716231,17.79583437,-10.29799161,19.21639105,0.197987706,4430.122431,happy
240.4968168,45.07062547,0.583951068,0.169004532,202.6337731,-154.8640235,24.27131798,-13.23121543,0.027819424,1389.467575,fear
171.8982302,23.68326995,0.680016438,0.143972071,-262.5665316,0.362142693,51.37058265,-67.11889418,0.24597977,3825.487987,neutral
158.7183689,42.85029219,0.433330063,0.14861907,12.36377755,107.7721996,75.45265172,-76.68338509,0.282746146,2382.318343,surprise
261.8722311,14.42526948,0.755985509,0.164861692,-395.7751972,-254.2564692,-98.69104659,9.339136414,0.198141962,1027.929048,fear
262.0226789,43.85809167,0.888097918,0.246254136,-115.4886724,-135.177711,-196.0084893,80.48260666,0.286824119,2613.923876,surprise
273.4144637,15.09954649,0.823880791,0.273021172,-12.33293138,184.1792945,89.37746494,-31.20846269,0.053915371,1939.017687,fear
282.6481105,25.89149162,0.23169506,0.288833672,152.2242595,-24.20107776,14.26263974,46.60002144,0.148450695,4275.477082,angry
202.2684798,41.89181463,0.584405558,0.246725847,450.5310526,27.94628522,134.4470813,31.73227099,0.184523953,2349.322435,neutral
200.3032589,15.99669709,0.283944143,0.128851724,100.6510665,-40.31039867,128.5553452,86.31098286,0.178703628,4310.094776,sad
259.6590358,19.17005581,0.393636013,0.222033677,243.5939162,-273.6600344,137.3304671,64.19620346,0.126423916,1002.391755,surprise
229.9927862,38.89010274,0.989330075,0.159400781,6.266059495,-200.5501321,-5.962136008,13.32105178,0.108044479,2231.2766,sad
240.3933755,38.80146146,0.313996434,0.113667656,134.1040314,-32.67501675,-66.54864167,31.40609965,0.046778967,1964.660857,neutral
259.1585339,35.64590532,0.599110523,0.260217895,-429.0677839,-174.4887208,116.623281,79.67729332,0.123605311,1934.269444,sad
278.0010684,37.75793778,0.694524587,0.059606587,-245.6084192,-270.0125828,-19.48235479,-20.09624308,0.057171636,1272.746479,neutral
167.5990314,31.70897773,0.761971976,0.275440498,-138.1469068,206.1897984,-126.6231214,-34.64105883,0.222966046,1748.497082,sad
175.1165905,20.07196236,0.647718947,0.165369366,-27.50664499,288.7155175,141.9896078,-97.83778327,0.070560971,3222.19828,surprise
118.796388,23.82783974,0.207816678,0.209300369,-454.3512545,175.8857244,153.0239507,65.31021484,0.026983939,2165.444291,angry
215.6560282,17.26390867,0.461169047,0.214838481,-359.9759024,212.270953,-13.47609754,60.19614008,0.17018618,2669.579129,sad
107.1884548,46.33802245,0.614169315,0.273779435,-223.1856922,-154.8137218,-169.7201091,-79.10909638,0.182616622,2507.467521,surprise
193.1196036,33.33567179,0.270293199,0.209167421,471.5326909,276.3761853,-44.86956403,15.37147623,0.262854788,4503.6197,fear
208.5289269,26.03405667,0.480501545,0.203483396,-168.6529929,-181.8445773,121.4150638,-7.203660367,0.177324668,4621.195996,neutral
157.3082504,28.48023215,0.226562487,0.06666301,-17.95894189,270.8578862,160.7096114,-76.2581809,0.110189448,2971.827887,happy
218.1666521,47.89133358,0.262862798,0.179602005,-303.9022873,296.8915764,-118.610903,96.11364541,0.242873446,2320.623801,happy
106.10005,16.13405612,0.517538621,0.08754225,110.7800711,127.0336834,-173.2105552,-57.06082251,0.166680879,1427.202816,neutral
107.4696377,33.44919328,0.306172603,0.234358442,-219.3167845,288.6862391,150.9401813,-86.55316398,0.032991283,4813.611518,angry
264.5201121,30.23554716,0.654032679,0.17805548,-293.0074216,41.72386774,-44.23802441,18.9694759,0.174096662,1240.90778,sad
172.0381283,34.45816942,0.751571975,0.220056945,16.57262845,-144.2749301,16.70438571,47.77333543,0.273325378,2190.60111,angry
125.4121025,10.72440735,0.840469359,0.060418225,-494.4942008,-37.8024686,187.2263248,-93.51131079,0.124930661,2192.264805,happy
204.448652,44.88495636,0.360120195,0.071198004,-492.3359674,56.13656123,-173.3741088,31.74352775,0.095934483,2281.605145,surprise
253.9987106,47.2847313,0.333986066,0.229080847,-280.9311909,-256.1510628,59.32720298,6.45837519,0.051606143,1657.147373,neutral
143.1642055,32.60532734,0.283654272,0.068021084,-463.2786375,73.40595877,-170.357831,-79.34699822,0.053919201,4132.645724,neutral
224.5780952,37.86603296,0.7091442,0.067814182,-391.9742459,288.7067021,-49.81242861,-65.49522461,0.13550373,1489.991448,angry
117.069493,46.89997525,0.765180581,0.053027119,-161.1393507,-185.9354101,121.5258181,13.59485946,0.182747149,3539.626637,surprise
110.3363442,38.28954537,0.225268916,0.28912535,302.5856796,175.5570698,-26.6111069,-40.7284773,0.033378467,1495.384107,angry
206.2709263,16.10156172,0.948969797,0.23437709,72.04864337,244.7392763,198.8729416,87.66314573,0.282474891,1282.14255,sad
208.1270243,33.05153441,0.241577027,0.138312852,12.66772596,266.2209557,23.62371398,63.7480459,0.228988749,4637.718015,fear
227.4859803,34.26860186,0.633037068,0.124133895,-206.5111768,276.0813626,-71.53513895,96.7134413,0.180120936,1760.515065,surprise
245.2182667,26.96522685,0.767248416,0.137425807,431.7537194,12.87578323,-111.9554696,-48.06583221,0.250247215,4285.000618,fear
295.1704159,39.45776942,0.896775299,0.243663383,-102.9849588,286.3847448,-59.79178629,93.94472656,0.033254159,3178.523484,sad
203.2600697,47.37468059,0.771269546,0.215342653,-412.9072332,154.3861243,-50.9866905,-13.75322604,0.148283275,1311.426078,fear
164.5912946,47.02274052,0.841382466,0.096298892,117.0665161,-202.9971383,-172.5145289,-30.49624094,0.192727007,4821.792766,happy
259.037239,28.03357486,0.471560154,0.093527334,-386.1616065,-13.85993612,-52.17032023,-89.93009461,0.250309343,1987.844668,fear
154.1664503,14.52952183,0.851860091,0.074598912,-154.7768572,130.9987052,-14.3045921,-89.44694843,0.237206172,4438.581381,sad
187.7942841,49.39364796,0.264091877,0.21507568,7.411938718,-151.5958105,89.0951009,38.40225119,0.090350082,1675.240023,fear
115.6912763,43.55592346,0.915853325,0.241093166,374.2225247,84.36911013,62.69179389,-8.414201113,0.282855249,4415.771529,neutral
105.0701487,14.98650725,0.638073901,0.116261607,-6.45341966,99.96028743,83.50626209,-54.69567479,0.046060294,1052.915252,angry
292.5296829,46.8336753,0.853838216,0.05523624,202.258766,-202.3801537,-196.6545272,22.79406127,0.263788749,3047.121826,happy
267.1960241,44.79585448,0.561854628,0.070542917,492.816839,39.05118747,-112.9330402,-49.42837635,0.291572672,4077.770318,neutral
239.1948412,30.75352229,0.714862156,0.291965009,-368.5108801,162.9761466,64.67371536,15.52635087,0.061374522,4739.18207,neutral
181.7905889,33.65101743,0.621122129,0.123861194,-225.2684745,-0.662601278,-6.404252728,-28.1582506,0.219399159,4636.808545,sad
134.658864,25.96010815,0.785271617,0.242305787,-105.4239244,-292.7381299,-197.8746097,64.71044532,0.0216828,4278.499478,angry
131.2874085,12.19046555,0.265303986,0.206165892,-78.17182146,-294.5769186,121.797857,64.13923215,0.127572619,4552.765399,angry
150.0485796,23.40788967,0.248281667,0.14548491,-88.97892473,-85.78239362,109.1238293,-4.529920376,0.159722157,1796.878743,surprise
209.8453329,42.11413794,0.397682587,0.101421816,407.6110026,255.7164411,19.3676652,-29.83617813,0.178387116,2136.737183,happy
242.9191845,10.18528092,0.327635744,0.080346605,214.0326445,-162.7939322,-173.4146697,-27.48804069,0.281421802,2155.8741,sad
232.0394753,23.33996687,0.897426853,0.203753242,107.9052141,80.61821332,106.6060198,61.14290513,0.204952699,2508.215724,happy
155.9867794,25.92674774,0.37537119,0.243658445,-190.6272821,-166.7544776,33.48543509,-34.36410344,0.149570606,2573.282682,surprise
290.9730561,31.49582412,0.980692205,0.210976063,323.7903842,-106.9980062,112.7839909,-58.18812526,0.244805761,3178.221299,fear
247.5793833,46.79422466,0.469516633,0.182575533,455.0605115,208.8252538,100.698797,-83.06233162,0.285654518,1639.519053,neutral
210.8708105,23.85383977,0.345694333,0.060487806,321.1982826,137.3168654,121.2008288,-6.661375823,0.016399183,3764.986655,happy
222.3441492,23.87812808,0.831758806,0.292122194,-498.4348948,-242.7604336,7.203226562,-3.573580216,0.294931169,1670.266157,neutral
183.9200125,39.50004992,0.72696622,0.249678548,136.4013702,-42.77878741,-143.8701927,68.18174208,0.03497832,2241.233928,sad
149.5461979,28.08871764,0.598556573,0.123205509,-448.8646186,-282.4981418,68.46298935,-55.75226071,0.246172166,3013.380522,fear
171.1945357,18.98419292,0.644290841,0.294992582,-242.3927797,-11.46591204,48.18951402,-23.80174527,0.091297078,4185.762246,sad
251.5692221,28.09758065,0.775361423,0.200470397,-440.4752997,97.46040702,96.90127488,61.68114778,0.048332101,3957.876933,fear
102.8786977,15.63428082,0.382763793,0.195605665,103.7954529,-228.8984258,-132.0475976,64.72472215,0.137558136,3582.137426,fear
123.2145281,17.05547946,0.997067133,0.237018295,186.5899135,-126.6690367,-122.00992,-23.0777848,0.196747408,1623.093042,neutral
109.2005284,29.93471091,0.97983453,0.252942447,-385.5123619,-61.2980247,156.1638069,-8.175195343,0.120476035,3188.181382,sad
108.1457605,26.75701798,0.720260549,0.214119652,-116.161117,251.7186148,99.99111938,-39.34282183,0.025823968,1349.786007,sad
271.0921168,46.59383604,0.359633961,0.082023937,-43.76349104,295.9530093,163.2913955,86.51097568,0.183843731,2509.452707,happy
240.7315719,24.49575596,0.744182594,0.134566876,-130.9469782,-273.0532206,103.4861285,-76.27124685,0.27169695,2654.066121,sad
194.8347658,33.22353401,0.257758727,0.28202091,-378.9749995,156.6047541,38.8621224,86.7498846,0.121132456,1159.245758,happy
119.5668321,35.29057152,0.224522002,0.106153903,-81.05220981,-76.96556016,61.65309481,36.77329037,0.072736506,2095.952398,angry
198.323175,10.52377826,0.406146311,0.143041756,251.1780478,-64.52508826,155.6511696,6.314430537,0.13834743,4822.597869,angry
194.6943542,36.54149488,0.570098365,0.158019221,-428.9923355,152.558984,31.5227018,-93.46818784,0.024025186,4814.530431,angry
134.640374,17.12143867,0.894618004,0.159851247,-419.8199859,251.0558593,52.95652973,-4.880761636,0.247941399,2409.308217,surprise
186.7703298,48.4428127,0.781735256,0.203234896,-145.2287082,270.5571567,-137.4093136,-18.450379,0.249638835,1172.400436,sad
179.7009469,15.94650911,0.794165217,0.285768959,441.7257116,46.27355162,-10.43151195,-67.7562376,0.180520134,1716.379757,surprise
223.1700196,26.58496495,0.540394668,0.110173178,168.5726467,-85.72730442,86.55884478,31.2819207,0.112399838,2568.871174,sad
227.0187302,13.41398672,0.476747994,0.080375344,178.6699567,172.5294515,-91.62292067,94.23018147,0.241937176,4791.118792,happy
109.060802,49.87497007,0.49683101,0.099367622,-138.0800092,-149.39917,-119.0983278,12.43776221,0.170859237,1564.796254,surprise
174.9225229,30.08780041,0.990119651,0.271731225,93.66079121,38.4444173,-74.46927671,42.95065529,0.249520369,4054.063375,surprise
225.1719831,33.81540069,0.232087353,0.211452703,-489.868816,-84.85292309,-103.3997488,-86.30990949,0.19312305,1434.730157,surprise
200.6272517,12.6830591,0.893625197,0.121476697,136.0960464,93.97864422,-114.0349452,-16.46660084,0.237477587,4925.03031,fear
271.2979682,39.99841882,0.662940327,0.253986735,413.2869476,-155.7606523,-30.05966285,-76.72830297,0.183583268,2526.465996,happy
231.7387263,18.39622372,0.550892335,0.265342499,112.5734683,-185.0442326,163.1354056,22.55916711,0.13010091,4100.938156,angry
132.5868854,45.92217158,0.780206128,0.261628585,373.6985935,250.943452,2.823858695,87.69643164,0.287804299,2370.364331,happy
114.1137495,18.20558562,0.589335153,0.279731633,223.9730555,-238.9177902,-124.8318477,32.35554649,0.166923009,3510.675509,fear
228.4838556,17.62750883,0.89873859,0.113060255,-379.4415836,3.574744641,-169.2113322,-84.63939034,0.18547596,1768.064339,sad
105.3022621,11.46198671,0.920561491,0.238760482,402.4533073,-167.4883302,78.46245806,-29.066759,0.073941415,1584.084077,happy
217.1551163,28.8826778,0.537376741,0.165134874,-433.5561556,-276.642022,-46.88049423,10.13267589,0.191438729,4752.256558,surprise
288.0460483,32.59364533,0.421462238,0.260499638,33.96747255,-278.388709,128.7323786,-19.35844877,0.175766218,4670.589112,angry
215.0948356,12.62834558,0.673880263,0.232122669,-357.8628762,-194.8669367,63.80430746,66.7288021,0.063603135,4549.875761,angry
177.6339852,41.02110467,0.929890676,0.244111862,-488.2933893,220.0622127,118.4965802,62.93420094,0.027280258,3501.733801,sad
228.6576437,28.13155339,0.368529751,0.214040459,-77.96573987,-130.5127536,-91.22158423,22.36620402,0.185264203,4233.072845,happy
191.6505781,30.97561077,0.698373267,0.094357192,-204.9592923,270.2755023,76.94356898,-25.30841097,0.231470758,1276.147748,fear
209.1233579,27.63050988,0.705248176,0.18625673,-13.9995062,48.97337579,-94.37520612,-48.93272525,0.161786398,2339.156168,sad
288.2929618,26.03052244,0.786490418,0.296167435,77.19988673,-38.03148614,175.6273918,-78.82513636,0.075764061,2254.812499,happy
177.2205276,32.38561325,0.305254148,0.284347017,-456.2609277,48.0533008,54.54971261,-29.0204633,0.203291373,3542.581288,neutral
292.2381128,16.20960984,0.772659972,0.060793434,-376.9967049,10.01903114,-70.19527993,-17.36549656,0.033230661,2423.831094,angry
281.0701284,17.27712522,0.927226017,0.091203704,58.64239645,155.2657523,-92.19525508,35.16458502,0.138131774,1594.027127,fear
139.158227,44.47142484,0.343746487,0.082932193,-156.8326468,-130.5023604,-123.629366,31.63196486,0.05737636,3385.868302,surprise
113.8722602,47.84461849,0.39003466,0.231494977,229.1734875,-88.16976504,77.85638356,-85.97837207,0.063493125,4257.535683,fear
120.1556003,24.93237265,0.977116075,0.254446332,152.2916486,236.4565815,-112.5137548,-20.94813691,0.068665245,2528.493978,surprise
103.6443651,20.82978693,0.344781562,0.103377842,345.604363,267.8739079,38.12130637,-63.64422656,0.122145047,1529.07486,fear
118.8885922,35.75998173,0.883508075,0.176463173,192.4928267,235.5349365,-94.14598923,-68.63745894,0.02483356,1786.752789,angry
236.6013547,26.34936684,0.593822285,0.260175757,-70.06892261,-48.33120363,64.78757792,65.46042995,0.125360098,1949.933221,surprise
114.2377297,11.01545423,0.39778486,0.233200386,172.9666224,168.2193018,125.9758914,-91.61695666,0.15839516,2199.590372,happy
163.7951261,16.24610389,0.896599921,0.185559301,-224.6188257,-14.19856002,111.2100973,-16.16342482,0.150155343,3571.180282,surprise
268.9750622,38.63888915,0.556244204,0.197586923,-193.6865012,-1.476088712,104.3405324,-66.35926885,0.121007389,3403.781938,sad
104.6543871,36.35695768,0.611853883,0.177090137,288.9851599,-177.1919346,-124.9110377,75.86604314,0.253352516,3784.319446,happy
262.8936965,11.0838397,0.487386696,0.124387113,-53.5804836,54.67818196,-164.6460212,11.40810266,0.052144741,2450.007938,sad
156.370955,18.87888648,0.674360681,0.191255498,298.3803405,-188.3184613,79.57953139,-53.72387272,0.156652056,4295.990608,fear
123.6329655,19.24299186,0.330819098,0.222221326,322.4223737,-101.0611806,-52.66111448,0.485457433,0.027992011,1816.350645,happy
239.3474331,36.87570974,0.512865229,0.268330729,357.5623377,213.018121,-27.06150944,46.29727194,0.030635147,2876.16299,fear
225.7885694,10.78842151,0.975529858,0.209072838,416.6352358,-175.7545145,-187.5403629,91.62360178,0.176421096,4203.754886,neutral
275.4944027,14.16434328,0.406506746,0.240280384,-69.01477949,-257.3050289,-96.16942029,-55.91079915,0.174145343,1720.634591,fear
247.0142088,41.99664341,0.725389332,0.090017909,-181.1331817,-258.5954444,-186.5294385,77.23635443,0.264629719,1439.452455,fear
260.6961861,17.14178648,0.460152051,0.165389369,82.19874659,264.4707123,151.674309,86.86082283,0.171783366,4534.735871,sad
156.4069145,36.10984431,0.818778501,0.052332905,-128.8275766,4.152262777,-102.6413267,83.28410891,0.288339396,2371.718651,surprise
135.4879088,19.52731124,0.304698929,0.111669716,101.0741668,-54.35275691,22.93486783,27.08287137,0.024121506,3735.4805,neutral
250.1229503,13.97765571,0.975856836,0.231615429,205.5858626,186.5271486,-184.4082717,25.96413089,0.038422229,1101.394417,fear
261.3669479,19.72688764,0.563031633,0.297952488,188.4050185,201.4955567,66.73895652,-19.35787336,0.0227791,3760.187554,fear
298.1010284,38.89067727,0.388840371,0.074794525,-125.447113,-100.6853801,-70.7890617,50.47957646,0.063730287,2264.405246,neutral
182.5235354,44.22785872,0.258797398,0.150373579,-333.1397983,116.1708345,159.1676748,6.25880367,0.166968332,1222.963414,neutral
174.4036172,43.20879458,0.335806324,0.250017742,-69.47066154,162.6736895,155.2472756,35.48761425,0.197215933,3439.251046,happy
255.2825921,25.88734118,0.615819159,0.101008909,-357.4058559,92.79041212,-69.88375266,-14.30841923,0.023219696,1963.215264,sad
168.1607081,36.72340546,0.469602541,0.188771237,390.0970352,-209.0429551,160.3843583,46.29929281,0.284331558,2547.228968,neutral
286.1514651,18.19937182,0.863106693,0.233267824,-154.1225393,225.5298501,198.4630694,64.89430352,0.254227959,1322.323249,neutral
271.6825504,21.72590921,0.544710019,0.203996363,-345.5402528,23.45673164,130.1662656,-70.71274868,0.09601762,1588.653004,angry
185.7988055,45.85343274,0.398971418,0.097006184,-474.5522401,-130.5165442,137.9485391,66.58594311,0.032384384,2191.908942,surprise
250.1742136,10.52007694,0.693715989,0.138846142,145.8223863,-44.86308874,-100.3965056,8.059306358,0.059267251,1359.038002,neutral
250.9085748,13.42034123,0.765421774,0.245947946,136.9023175,-277.4573458,30.68095954,68.93318182,0.04681388,4643.305059,sad
120.6247738,18.31545021,0.333633526,0.188556629,-159.3958334,-223.2799193,-173.0976344,-13.73965873,0.045752296,1024.188173,surprise
280.5105813,11.06128815,0.334095373,0.051307403,-428.2881112,159.3280503,-162.0328253,-24.19190292,0.16038289,2935.440875,surprise
201.0504745,17.2574174,0.229337142,0.24024769,-90.3711051,-299.9930191,199.5570448,83.0121465,0.081295758,1492.989833,fear
265.2914932,33.32166244,0.789121612,0.058827839,-188.7825049,-50.06050291,-69.34430023,-49.76614649,0.113860518,2230.716358,fear
164.0099202,26.85698202,0.731043622,0.236433446,177.1206397,13.50610865,99.27356482,68.84246506,0.296956547,4704.238239,fear
279.1046457,45.70686844,0.579704701,0.10062014,105.7792495,-267.219348,122.6660212,-3.195885498,0.208451132,1646.778213,fear
177.8403357,42.69774247,0.875336359,0.28951837,-135.4062718,283.8468978,143.2093084,2.81908851,0.285204393,4863.329279,angry
102.1675303,23.67269407,0.844536122,0.141985188,-282.1074457,-164.3248013,199.051319,-38.3063437,0.051341401,1823.177508,neutral
281.0763953,20.37693734,0.668283492,0.131732904,488.0359662,-117.4807682,-103.4014059,14.60844012,0.120820448,3966.264434,fear
118.2573354,25.18769633,0.894617024,0.087222013,-45.9983788,-117.6344926,-183.8596693,-34.95776074,0.170872223,3186.70906,happy
163.8627275,33.6117977,0.364672968,0.126401054,188.2742358,-161.7500027,-35.5233928,-92.14611715,0.032259838,4537.91491,fear
290.0123934,20.72254563,0.289535696,0.26916269,-359.4470324,-299.1157067,-147.9677321,-45.60027893,0.011214359,3215.973022,neutral
290.1214294,34.96595631,0.415799689,0.299083584,-14.41030034,137.6068765,-191.0296443,-98.72419132,0.204425957,3138.236877,fear
214.6875776,26.37646609,0.245669485,0.142077383,-472.4632801,280.1072999,-55.82926914,95.67095741,0.19612766,1781.832001,angry
226.3674424,32.08188723,0.624935622,0.162152658,5.45511791,-165.42391,113.4953004,93.14944196,0.129128755,1664.917448,sad
189.6891044,27.44506117,0.949284554,0.230517735,464.0174071,97.82831508,26.47227649,-20.96894051,0.151996782,4665.956604,sad
158.6421543,21.77863038,0.231474833,0.271548945,-115.793287,145.1377962,-74.88880432,45.67417087,0.13047847,2311.352795,neutral
165.7329091,47.93813228,0.297687931,0.198261084,-461.0039874,209.0552275,61.7368022,-30.83878032,0.016961463,2488.32902,sad
234.5036912,40.54423177,0.561759223,0.147881425,-469.0442091,-46.42248179,-107.1927279,34.21863142,0.107257766,4039.294634,sad
250.4749059,15.60452703,0.947100014,0.15315546,-112.0132401,-118.2414566,-194.2474216,61.08600861,0.061353854,2355.29393,happy
258.3158087,44.73871904,0.452924884,0.223904537,-339.9750635,-104.8229196,105.7413546,89.35124894,0.038543015,4808.249787,neutral
257.9236286,29.49724793,0.605787847,0.050804566,-476.6479037,127.5727999,49.49723395,-19.95754483,0.287448926,3951.711076,neutral
118.2412206,45.78208908,0.233258287,0.204897334,256.213614,190.0676799,104.9210498,56.65959659,0.18381432,3389.71697,sad
198.8840609,41.99421024,0.318674561,0.138873253,-41.47699112,-191.0316193,-184.4247933,-46.81430987,0.221310322,4523.580642,sad
111.511752,27.00854018,0.989304098,0.248549333,-210.755228,-77.43539511,134.8478511,98.06646076,0.101455486,1198.423633,sad
209.9057765,10.89877233,0.972094957,0.07324766,400.083183,241.164118,47.81048001,-94.84608025,0.124012668,2028.250769,surprise
188.3061003,20.74709438,0.203951985,0.197050567,-383.8610398,184.0161118,25.35814029,20.7057613,0.078707958,2860.145337,angry
277.5408366,31.66536859,0.961449428,0.170243222,455.918829,290.9150417,49.84561925,31.90119633,0.038120045,1907.914158,fear
170.1830025,35.33912879,0.71129595,0.210581381,-186.0332826,152.5489558,145.7732987,37.60911141,0.061919175,3975.620749,angry
123.4134033,20.31550742,0.894334636,0.066213399,388.4036723,-64.08287938,34.77460262,-75.92248424,0.241279073,4676.832124,neutral
128.5983364,15.57424296,0.563791885,0.194995947,102.9428765,54.3827004,32.38015196,87.70595669,0.206488284,2695.08048,happy
252.3021263,43.39720947,0.612476823,0.190371147,326.7073597,96.60855255,196.2716628,-63.76334419,0.168609374,2368.5304,fear
223.6436127,49.37608723,0.591077264,0.190165024,484.0131632,-252.9265102,102.6920668,24.55068065,0.147776063,4846.202929,happy
120.2245352,31.02760729,0.733491406,0.200871917,-211.5945622,26.69817546,-23.08247782,-55.46478418,0.277505942,2779.409731,surprise
116.8213612,16.86717143,0.311721004,0.219116984,461.1354854,125.5924971,82.95880001,-38.5567166,0.031093135,2956.193602,neutral
240.1938263,20.89229306,0.223978872,0.25124725,-110.5181051,-199.6072176,-44.30781132,9.291708346,0.091374236,2406.599489,surprise
114.5526013,10.73562706,0.446343953,0.11745518,-114.4880953,168.3790305,-108.449815,-16.56131629,0.111481978,4638.193892,neutral
264.3720119,46.57195226,0.76374461,0.256262353,-159.6128957,50.26366831,38.74075076,-67.9548798,0.236903486,3275.821933,happy
241.2484454,14.71004332,0.361482762,0.174563921,41.40760735,271.3330714,171.2728392,-65.81271952,0.29782924,4048.698349,happy
116.2697561,33.06065902,0.738745947,0.06926457,-345.8549568,-274.5466211,171.655808,-16.37104237,0.079794449,4247.226873,happy
116.9675428,20.96220883,0.975929637,0.064637732,53.71148536,-140.8043175,-63.23788876,51.45659566,0.263549127,2367.396168,neutral
297.3279157,32.1671201,0.275120573,0.13355958,41.70481241,60.93232758,11.07098649,79.59292937,0.250880601,2734.777325,sad
174.8541592,36.05681553,0.738081695,0.246224244,261.9018126,-122.0640527,-115.3456406,-83.17446755,0.075150645,4393.887098,happy
174.1284294,43.18967215,0.555000175,0.226920234,333.6499619,128.6544984,198.2524438,-21.37921849,0.125806448,2453.021407,surprise
262.5599135,18.25685087,0.894513804,0.247153741,-59.55864969,155.4031695,192.4471631,-79.95088726,0.128805132,4175.740534,fear
289.4497155,10.43983315,0.341719832,0.179317264,-197.6667506,-238.4904216,59.80357188,-96.68150387,0.293683994,4763.96929,neutral
297.2002128,15.4754252,0.754100762,0.160049749,-240.6651027,8.312678524,121.7656239,32.34373653,0.062458651,3492.841492,surprise
250.6756371,46.00074567,0.870492232,0.086863132,-305.3761633,5.334333355,86.04006451,20.48988839,0.241755812,3966.50915,angry
175.2519171,44.9556031,0.955691376,0.132048188,-442.3524178,-78.43153787,37.26328762,-67.39617724,0.106915887,4220.389248,angry
116.7001433,33.89652409,0.746598423,0.158504842,-157.5520212,259.7549175,-178.6608012,-53.23743338,0.2219524,4380.158596,fear
255.4293832,34.02067442,0.597739811,0.072150107,-229.7523079,196.5037919,-18.09426298,-95.25844927,0.131803191,2580.213351,sad
211.6808499,36.60146698,0.694277792,0.105152988,466.4173859,118.3256291,69.91452087,66.98944114,0.177724331,1205.053837,happy
184.8444018,17.01485114,0.895123988,0.199556324,57.70882625,128.5959814,71.01264555,94.93811921,0.251457414,2607.505085,neutral
281.270877,46.57647784,0.656487797,0.233915779,-152.722961,-22.97031371,-50.75095263,-72.90809264,0.243208014,3695.024919,surprise
122.2394965,26.750821,0.224309648,0.299586878,80.46760099,252.5967127,176.6767947,-53.70495725,0.261262723,2801.401543,happy
198.5250209,25.32554113,0.944758956,0.283278333,-360.8032987,116.7572564,-133.0571871,73.68190479,0.027289024,3995.852603,surprise
102.270729,30.75670821,0.751621401,0.2106413,-55.9562508,137.388637,0.143778486,85.29275959,0.21069466,2427.929718,neutral
193.7321284,11.87863867,0.741210709,0.155312013,126.2343214,217.0145423,76.35359062,-16.07452344,0.050596339,3538.976564,angry
111.2606551,16.65133475,0.372540122,0.209044341,-11.10216821,-135.5570464,78.85432236,-89.87550555,0.130587385,1745.679219,happy
123.7635833,39.52134466,0.727108376,0.246412905,-98.22119935,184.2425423,59.45558271,-92.12163326,0.16909064,3997.477747,fear
123.5052494,13.31194672,0.515091525,0.079584048,493.8483889,-182.8556382,-89.88471462,14.78997321,0.126794451,3182.783875,sad
229.8420604,34.12608438,0.720986382,0.152476222,380.3147621,-92.79482865,-137.5173725,-21.42097822,0.160687386,1816.257554,fear
249.2089759,19.81396439,0.285274424,0.259950571,123.4059582,-98.63372744,54.37613073,-94.26951448,0.29899263,2167.644694,sad
216.673753,25.57182456,0.726276244,0.145958238,69.37736118,287.115281,39.72084646,16.65047846,0.049213021,3994.434834,surprise
292.4345097,21.54774947,0.999530981,0.192968068,120.6604798,213.9223342,-128.2575959,-97.73949268,0.205882253,2930.404943,happy
174.9741159,24.22690866,0.238569631,0.19694234,-298.6878922,120.701917,82.05565823,57.47439163,0.12484028,1864.125762,happy
157.1424173,38.76183621,0.981739347,0.096119063,-104.8622567,136.234057,-17.93120331,-38.71343546,0.048572842,4869.084761,sad
273.7198256,21.88486862,0.525526369,0.14055886,-460.5404671,37.24367664,67.10423664,-91.9483994,0.056033661,3860.500079,angry
144.7191677,32.65618561,0.89660276,0.133627822,-24.45396251,268.2544003,134.9468319,17.6704442,0.285289201,4828.53933,neutral
292.6445079,29.04201609,0.825908387,0.056549177,43.02458396,-2.244748271,-132.1086286,-20.46311711,0.265084434,2708.420181,fear
102.4308949,36.54684661,0.653613009,0.056047941,-272.2502639,-71.68937408,-192.3420528,94.76008267,0.273042169,2900.401363,surprise
293.9757653,47.47318957,0.790759367,0.257924261,464.0288472,-202.1787978,111.6410346,8.839732501,0.297544505,4591.820865,fear
108.6319824,39.30288389,0.902812449,0.118267702,409.4546109,171.7233914,43.87897006,-44.95216379,0.070411463,3100.197361,fear
278.2286227,18.59761514,0.523312257,0.179519692,222.1432355,140.6663592,79.85582785,41.88777293,0.113077408,3829.115648,surprise
205.5402218,11.2473254,0.461626529,0.124681393,33.38662877,-69.38697689,135.26199,-45.70159949,0.204073519,2008.69151,surprise
298.5929592,20.49056177,0.734074708,0.285169811,369.9691596,-284.8839516,121.1243739,80.84865828,0.150302737,2786.905875,happy
114.7593129,33.80311723,0.846276754,0.11482419,-369.3476562,203.3983966,184.3680588,-25.0556059,0.131332965,1493.799463,fear
210.7708569,12.05703254,0.809828108,0.157414203,290.5097943,-293.1492099,14.37403154,9.973712555,0.113765262,1823.920144,neutral
293.8605071,29.85464989,0.838250919,0.268182563,-375.179186,122.2198678,-4.601746936,-89.88537924,0.182196383,1003.773661,neutral
204.6195688,33.87371396,0.548466652,0.260483392,294.2106625,282.1542658,-39.24512004,-14.77575241,0.176922094,1157.060207,sad
225.8797276,23.36975563,0.854267373,0.096525354,-224.2324317,-37.40320311,-138.5235829,66.47270793,0.056822772,4909.135293,surprise
239.1497378,40.83648815,0.296167244,0.250660827,377.090581,-159.015957,29.04289315,61.12976107,0.146804553,1969.414781,happy
190.908213,14.26393013,0.635591278,0.164546722,444.0420938,122.922606,-89.19499027,-55.13628823,0.170506815,3653.242838,neutral
225.511616,13.00551127,0.204606928,0.170742218,-351.2040306,190.2768852,168.5230049,-54.7841858,0.175383212,4356.398795,angry
216.8628624,39.12755025,0.459668664,0.083369993,-37.32439493,27.85818965,33.27632171,63.46106244,0.070931086,3202.641837,happy
280.2316021,29.81965265,0.493169228,0.070150378,480.9873782,280.2211652,37.1360722,86.07968403,0.225258704,1612.578,happy
109.0892761,37.53609586,0.516938153,0.231984827,-16.59256403,-268.998767,-58.03013565,-80.92781575,0.017307737,3912.465749,neutral
156.1926379,27.39309354,0.756373765,0.174115288,363.5475225,2.877358983,-179.2042592,-9.988272115,0.112901238,3401.00564,angry
290.0822968,19.85608133,0.510846481,0.159212676,88.73152213,131.0723684,-187.3024939,-32.50914421,0.236261668,3925.002357,sad
278.0527568,42.76409271,0.558954898,0.232377057,-124.6700921,217.5842827,-30.66594234,74.13769109,0.173528947,4078.986491,neutral
191.1313506,41.97663516,0.390035305,0.241378225,-214.2164445,-192.4466329,-166.1738488,-83.29501706,0.085737105,4901.641471,angry
224.0265196,37.78785883,0.498601433,0.089727042,-296.7769089,180.0020891,42.73878222,-57.77481149,0.211536405,3294.25312,happy
155.4762366,20.88580549,0.381815702,0.202556287,261.7981914,31.62424543,152.3892023,50.49366752,0.174543374,2366.564451,angry
137.6242319,33.60922667,0.258556739,0.083838521,-113.4594932,-62.06779081,153.1659266,-89.7412302,0.240910647,3593.858228,happy
192.739681,24.43895588,0.682758875,0.237843772,11.2754622,-220.9709829,63.61816405,-1.492923857,0.223157304,1273.762837,neutral
170.6704456,13.66328293,0.734570239,0.214238789,-7.674519999,219.1774553,-115.5072674,-11.57859306,0.186931297,4589.589273,surprise
216.7312224,46.69254302,0.695592277,0.289153655,77.27902923,-205.6360751,145.1987325,-33.1197642,0.151571526,1477.524045,neutral
115.5469274,15.47274524,0.570795235,0.067239504,365.5771456,-114.1272845,154.4373741,-21.08553694,0.048622816,2311.371352,fear
294.8789615,48.00949415,0.503828624,0.06426368,480.7393436,-125.9726808,-121.338566,5.988117386,0.085786575,4262.981523,fear
297.2421489,27.84023092,0.89066692,0.120546769,-92.41579143,222.8484205,94.97043431,-67.72652832,0.131538847,3389.249513,fear
